Company Name,Address,Phone,Website,Contact Name,Contact Title,Email,Email Source,Lead Source
3D Realty and Property Management,"8200 I-10 Ste #505, San Antonio, TX 78230, USA",(210) 276-0140,http://3drealtypm.com/,,,,,Google Places
3Z Property Management,"2706 Hunter Rd, San Marcos, TX 78666, USA",(512) 566-4200,http://www.3zmanagement.com/,,,,,Google Places
830 Property Management,"933 N Main St, Boerne, TX 78006, USA",(830) 522-5501,http://www.830management.com/,,,,,Google Places
ALG Property Management Boerne,"128 W Bandera Rd Ste. 6, Boerne, TX 78006, USA",(210) 999-9430,,,,,,Google Places
All County Alamo Property Management,"1777 Northeast Interstate 410 Loop #600, San Antonio, TX 78217, USA",(210) 718-0992,https://allcountyalamo.com/,,,,,Google Places
Amz Realty PM,"244 FM306 Ste 120 Unit 631, New Braunfels, TX 78130, USA",(210) 500-8885,https://amzrealtypm.com/,,,,,Google Places
Aquity Management Group,"805 E Court St #100, Seguin, TX 78155, USA",(830) 719-4264,http://www.aquitymanagementgroup.com/,,,,,Google Places
Arden Hills Realty and Property Management,"324 Clay St, Kerrville, TX 78028, USA",(830) 792-5775,http://www.ardenhillspropertymanagement.com/,,,,,Google Places
Aviam Corporate Housing,"195 S Academy Ave, New Braunfels, TX 78130, USA",(830) 624-0124,http://www.aviam.com/,,,,,Google Places
Barclé Group New Braunfels Vacation Rental Management,"371 W Lincoln St, New Braunfels, TX 78130, USA",(512) 649-0177,https://barclegroup.com/,,,,,Google Places
Bay Property Management Group San Antonio,"7400 Blanco Rd Ste 262, San Antonio, TX 78216, USA",(726) 888-6950,https://texasbmg.com/areas-we-serve/property-management-in-san-antonio-texas/,,,,,Google Places
Bexar Management,"7311 Broadway, San Antonio, TX 78209, USA",(210) 421-9237,http://www.bexarmanagement.com/,,,,,Google Places
Brohill Realty Ltd,"1004 W Oaklawn Rd, Pleasanton, TX 78064, USA",(830) 569-4455,https://www.brohillrealty.com/,,,,,Google Places
Camelot Properties,"10004 Johns Rd, Boerne, TX 78006, USA",,https://camelotproperties.us/,,,,,Google Places
Casa Cantera Property Management,"4204 Gardendale Rd Ste 308, San Antonio, TX 78229, USA",(210) 890-1989,http://www.casacanteratx.com/,,,,,Google Places
Chapawu Properties,"518 N Hackberry St, San Antonio, TX 78202, USA",(210) 880-0923,https://www.chapawuproperties.net/,,,,,Google Places
Clark Realty & Associates,"8635 Brucks Dr SPC 100, Converse, TX 78109, USA",(210) 655-5355,http://clarkrealtysa.com/,,,,,Google Places
CloverLeaf Property Management,"8620 N New Braunfels Ave #620, San Antonio, TX 78217, USA",(210) 827-7777,http://www.cloverleafpropertymanagement.com/,,,,,Google Places
Cornertstone Property Management,"4615 Walzem Rd Ste 203, San Antonio, TX 78218, USA",(210) 440-1223,https://www.cornerstonepmtx.com/,,,,,Google Places
"D. Lee Edwards Realty, Inc.","1111 N Walnut Ave, New Braunfels, TX 78130, USA",(830) 620-7653,https://www.dleeedwardsrealty.com/,,,,,Google Places
Davidson Properties,"8151 Broadway #100, San Antonio, TX 78209, USA",(210) 826-1616,https://www.davidsonproperties.com/,,,,,Google Places
E M Ellis Realty,"980 Talley Rd, San Antonio, TX 78253, USA",(210) 509-3409,http://www.emellisrealty.com/,,,,,Google Places
Edwards Property Management,"1111 N Walnut Ave, New Braunfels, TX 78130, USA",(830) 515-5101,https://www.edwardspropertymgmt.com/,,,,,Google Places
ForeFront Property Management,"4606 Centerview Dr Unit 109, San Antonio, TX 78228, USA",,,,,,,Google Places
Freedom Property Management TX LLC,"40 NE Interstate 410 Loop #400, San Antonio, TX 78216, USA",(210) 787-2860,https://www.freedompropertymanagementtx.com/,,,,,Google Places
Full Spectrum Property Management,"11120 Wurzbach Rd Ste 301, San Antonio, TX 78230, USA",(210) 281-4083,http://fsppmtx.com/,,,,,Google Places
"Global Realty Group, LLC","109 S Main St, Cibolo, TX 78108, USA",(210) 566-4000,http://www.grgsa.com/,,,,,Google Places
Grand Welcome New Braunfels,"457 Landa St Ste A-30, New Braunfels, TX 78130, USA",(830) 626-9422,https://www.newbraunfelshost.com/,,,,,Google Places
Hallada Property Management,"11515 Big Mesa Dr, San Antonio, TX 78245, USA",(210) 674-6740,,,,,,Google Places
Hance Realty Real Estate & Property Management,"1001 Donaldson Ave, San Antonio, TX 78228, USA",(210) 632-2408,http://www.hancerealty.com/,,,,,Google Places
Helotes Property Management,"12415 Bandera Rd Suite 108, Helotes, TX 78023, USA",(210) 853-2533,http://helotespm.com/,,,,,Google Places
Hendricks Property Management,"2227 Lockhill Selma Rd, San Antonio, TX 78230, USA",(210) 344-3463,http://www.sarents.com/,,,,,Google Places
Heritage Property Management,"1717 N Loop 1604 E, San Antonio, TX 78232, USA",(210) 477-4862,https://www.heritagepropertymanagementsa.com/contact,,,,,Google Places
Hill Country Flat Fee Realty,"933 N Main St, Boerne, TX 78006, USA",(210) 419-3604,http://hillcountryflatfeerealty.com/,,,,,Google Places
HLC Property Management,"1483 Red Bluff Rd, Pipe Creek, TX 78063, USA",(830) 688-0536,https://www.facebook.com/share/16zzGWgJZD/,,,,,Google Places
HomeLab Property Management,"17806 I-10 Suite 300, San Antonio, TX 78257, USA",(210) 426-0511,http://www.homelabpm.com/,,,,,Google Places
HomeRiver Group San Antonio,"2141 NW Military Hwy, San Antonio, TX 78213, USA",(210) 340-1717,https://www.homeriver.com/texas/san-antonio-property-management?utm_source=Google&utm_medium=GBP&utm_campaign=san+antonio,,,,,Google Places
"Jacob David Properties, LLC","8351 Old Austin Rd, Selma, TX 78154, USA",,https://jacobdavidproperties.com/,,,,,Google Places
"John Chunn Realty, LLC","1122 18th St, Hondo, TX 78861, USA",(830) 426-8432,http://www.johnchunnrealty.com/,,,,,Google Places
Keyrenter Property Management San Antonio,"3740 Colony Dr Ste LL104, San Antonio, TX 78230, USA",(210) 503-8000,https://keyrentersanantonio.com/,,,,,Google Places
"Liberty Management, Inc.","4801 Northwest Loop 410 #111, San Antonio, TX 78229, USA",(210) 681-8080,https://www.libertymgt.net/,,,,,Google Places
"Limestone Country Properties, LLC","378 Hampshire St, New Braunfels, TX 78130, USA",(830) 253-0018,https://www.limestone-country.com/,,,,,Google Places
Lokal Property Management,"453 W San Antonio St, New Braunfels, TX 78130, USA",(830) 308-8845,,,,,,Google Places
LoneStar Properties,"706 E Blanco Rd #100, Boerne, TX 78006, USA",(830) 249-7979,http://www.lonestarboerne.com/,,,,,Google Places
Long Properties,"309 19th St, Hondo, TX 78861, USA",(830) 426-4464,https://www.stephenlongproperties.com/,,,,,Google Places
Marshall Reddick Real Estate,"660 S Walnut Ave, New Braunfels, TX 78130, USA",(830) 219-2826,http://www.marshallreddick.com/,,,,,Google Places
MHN Property Management,"7300 Blanco Rd Ste 202, San Antonio, TX 78216, USA",(210) 402-9696,https://www.mhnproperties.com/,,,,,Google Places
MIDCITI Property Management,"1067 FM306 #501, New Braunfels, TX 78130, USA",(830) 312-0313,https://midcitipm.com/,,,,,Google Places
Morris Realty,"4407 Walzem Rd #201, San Antonio, TX 78218, USA",(210) 654-0616,http://www.morrisrealtysa.com/,,,,,Google Places
Northwest Real Estate and Property Management,"12030 Bandera Rd #110, Helotes, TX 78023, USA",(210) 521-7900,http://www.sa-nwre.com/,,,,,Google Places
Peace of Mind Property Management,"1102 E Sonterra Blvd Ste. 101, San Antonio, TX 78258, USA",(888) 211-6743,http://www.peaceofmind.co/,,,,,Google Places
"PMI Birdy Properties, CRMC","18830 Stone Oak Pkwy, San Antonio, TX 78258, USA",(210) 524-9400,https://www.birdy.com/,,,,,Google Places
"Property Professionals, Inc.","373 S Seguin Ave, New Braunfels, TX 78130, USA",(830) 625-8065,http://www.propertynb.com/,,,,,Google Places
Pyramis Company Property Management,"9901 IH 10 West Suite 800, San Antonio, TX 78230, USA",(210) 593-9807,https://pyramiscompany.com/,,,,,Google Places
Randolph Field Realty Inc,"506 Main St, Schertz, TX 78154, USA",(210) 658-4713,http://www.randolphfield.com/,,,,,Google Places
Real Property Management Alamo - New Braunfels,"352 Landa St, New Braunfels, TX 78130, USA",(512) 298-4911,https://www.rpmalamo.com/?cid=LSTL_RPM000203&utm_source=gmb&utm_campaign=local&utm_medium=organic,,,,,Google Places
Real Property Management Alamo - San Antonio,"7272 Wurzbach Rd Ste 204, San Antonio, TX 78240, USA",(210) 787-3876,https://www.rpmalamo.com/?cid=LSTL_RPM000203&utm_source=gmb&utm_campaign=local&utm_medium=organic,,,,,Google Places
Real Property Management First Class,"1846 N Loop 1604 W Ste 205, San Antonio, TX 78248, USA",(210) 444-2070,https://www.rpmfirstclass.com/?cid=LSTL_RPM000203&utm_source=gmb&utm_campaign=local&utm_medium=organic,,,,,Google Places
Real Property Management Hill Country,"116 N Plant Ave, Boerne, TX 78006, USA",(210) 571-1780,https://www.rpmhillcountry.com/?cid=LSTL_RPM000203&utm_source=gmb&utm_campaign=local&utm_medium=organic,,,,,Google Places
Real Property Management LoneStar,"12702 Toepperwein Rd #204, San Antonio, TX 78233, USA",(210) 314-1039,https://www.rpmlonestar.com/?cid=LSTL_RPM000203&utm_source=gmb&utm_campaign=local&utm_medium=organic,,,,,Google Places
Red Mansions Realty,"2324 Gruene Lake Dr c, New Braunfels, TX 78130, USA",(830) 643-0536,http://www.rmrteam.com/,,,,,Google Places
Reliance PMPros,"111 W San Antonio St #150, New Braunfels, TX 78130, USA",(830) 627-7368,http://www.reliancepmpros.com/,,,,,Google Places
RentWerx Property Management,"3002 Napier Pk Ste 101, San Antonio, TX 78231, USA",(210) 497-8686,https://www.rentwerx.com/,,,,,Google Places
River Tree Property Management,"19315 FM 2252 #309, Garden Ridge, TX 78266, USA",(210) 517-2617,http://www.rivertreepm.com/,,,,,Google Places
RMR Commercial,"1420 N Austin St, Seguin, TX 78155, USA",(830) 708-7710,https://rmrteam.com/,,,,,Google Places
Rooftop Property Management,"1113 E Houston St #8, San Antonio, TX 78205, USA",(804) 453-2734,https://leasingrpm.com/,,,,,Google Places
Rose Residential,"9910 Kents Store, San Antonio, TX 78245, USA",(210) 647-8055,http://www.roseresidentials.com/,,,,,Google Places
Seguin Property Management LLC,"1498 E Court St Ste 104, Seguin, TX 78155, USA",(830) 303-7111,https://centdd.sitemanager.rentmanager.com/,,,,,Google Places
Simmonds Real Estate Inc.,"17148 I-35 N, Schertz, TX 78154, USA",(210) 651-9300,http://www.saleases.com/,,,,,Google Places
SMTX Property Management,"1920 Corporate Dr #201B, San Marcos, TX 78666, USA",(512) 667-6485,http://smtxpropertymanagement.com/,,,,,Google Places
"Steps Realty,LLC","1607 Spur St, New Braunfels, TX 78130, USA",(210) 632-1661,http://www.stepsrealtyteam.com/,,,,,Google Places
"Strategic Property Management, Inc.","Colonnade Building, 9901 I-10 Ste 800, San Antonio, TX 78230, USA",(210) 672-4000,http://www.spm-roi.com/,,,,,Google Places
Texas Rose Realty,"902 12th St A, Bandera, TX 78003, USA",(830) 460-7250,http://www.texasroserealty.com/,,,,,Google Places
The Caldwell Seguin,"3101 Palm Spgs, Seguin, TX 78155, USA",(830) 376-0446,https://www.thecaldwellseguin.com/?utm_knock=g,,,,,Google Places
True Choice Realty,"107 S River St Ste G, Seguin, TX 78155, USA",(830) 402-5238,http://www.truechoicerealty.com/,,,,,Google Places
Trustmark Property Management - San Antonio,"19230 Stone Oak Pkwy #260, San Antonio, TX 78258, USA",(210) 477-9443,http://www.trustpm.com/,,,,,Google Places
TX Real Estate Management,"2804 Hunter Rd, San Marcos, TX 78666, USA",(512) 787-0333,http://txrealestatemanagement.com/,,,,,Google Places
"Vantage Real Estate Group, LLC","419 N King St #2, Seguin, TX 78155, USA",(830) 303-1948,http://www.vantagerealestategroup.net,,,,,Google Places
Wheeler Property Management,"1018 River Rd, Boerne, TX 78006, USA",(210) 505-5210,https://www.wheeler-pm.com/,,,,,Google Places
"Windrose Realty, LLC","18911 Hardy Oak Blvd #157, San Antonio, TX 78258, USA",(210) 560-4576,http://www.windroserealty.com/,,,,,Google Places
Wright Property Management Group,"5460 Babcock Rd Ste 120-104, San Antonio, TX 78240, USA",(210) 298-3948,http://www.wrightpg.com/,,,,,Google Places